event_id,away_team_name,event_date,day_of_week,last_updated,04/15/17,04/14/17,04/13/17,04/12/17,04/11/17,04/10/17,04/09/17,04/08/17,04/01/17,03/25/17,03/16/17,03/01/17,02/14/17,link
9723470,Pittsburgh Pirates,2017-04-15 13:20:00,saturday ,2017-04-15 13:08:43.704704,67.5 / 92,,,,,,,,,,,,,https://www.stubhub.com/event/9723470?&sid=117035
9723475,Pittsburgh Pirates,2017-04-16 13:20:00,sunday   ,2017-04-15 20:01:28.318158,32.4 / 46,,,,,,,,,,,,,https://www.stubhub.com/event/9723475?&sid=117035
9722506,Milwaukee Brewers,2017-04-17 19:05:00,monday   ,2017-04-15 20:01:42.946995,18.0 / 27,,,,,,,,,,,,,https://www.stubhub.com/event/9722506?&sid=117035
9722515,Milwaukee Brewers,2017-04-18 19:05:00,tuesday  ,2017-04-15 20:02:04.324218,15.3 / 24,,,,,,,,,,,,,https://www.stubhub.com/event/9722515?&sid=117035
9722520,Milwaukee Brewers,2017-04-19 13:20:00,wednesday,2017-04-15 20:02:22.382251,14.4 / 23,,,,,,,,,,,,,https://www.stubhub.com/event/9722520?&sid=117035
9723425,Philadelphia Phillies,2017-05-01 19:05:00,monday   ,2017-04-15 20:02:41.154324,18.0 / 27,,,,,,,,,,,,,https://www.stubhub.com/event/9723425?&sid=117035
9723445,Philadelphia Phillies,2017-05-02 19:05:00,tuesday  ,2017-04-15 20:02:56.627209,17.1 / 26,,,,,,,,,,,,,https://www.stubhub.com/event/9723445?&sid=117035
9723447,Philadelphia Phillies,2017-05-03 19:05:00,wednesday,2017-04-15 20:03:10.076979,16.2 / 25,,,,,,,,,,,,,https://www.stubhub.com/event/9723447?&sid=117035
9729558,Philadelphia Phillies,2017-05-04 13:20:00,thursday ,2017-04-15 20:03:27.23996,19.8 / 30,,,,,,,,,,,,,https://www.stubhub.com/event/9729558?&sid=117035
9723599,New York Yankees,2017-05-05 13:20:00,friday   ,2017-04-15 20:03:42.291821,99.0 / 133,,,,,,,,,,,,,https://www.stubhub.com/event/9723599?&sid=117035
9723602,New York Yankees,2017-05-06 18:15:00,saturday ,2017-04-15 20:04:00.784879,99.0 / 133,,,,,,,,,,,,,https://www.stubhub.com/event/9723602?&sid=117035
9723604,New York Yankees,2017-05-07 19:05:00,sunday   ,2017-04-15 20:04:28.441461,72.0 / 98,,,,,,,,,,,,,https://www.stubhub.com/event/9723604?&sid=117035
9723503,Cincinnati Reds,2017-05-16 19:05:00,tuesday  ,2017-04-15 20:18:49.691722,26.1 / 38,,,,,,,,,,,,,https://www.stubhub.com/event/9723503?&sid=117035
9723505,Cincinnati Reds,2017-05-17 19:05:00,wednesday,2017-04-15 20:21:13.130926,24.3 / 36,,,,,,,,,,,,,https://www.stubhub.com/event/9723505?&sid=117035
9723507,Cincinnati Reds,2017-05-18 13:20:00,thursday ,2017-04-15 20:23:14.264854,28.8 / 42,,,,,,,,,,,,,https://www.stubhub.com/event/9723507?&sid=117035
9722523,Milwaukee Brewers,2017-05-19 13:20:00,friday   ,2017-04-15 20:24:18.597534,52.2 / 72,,,,,,,,,,,,,https://www.stubhub.com/event/9722523?&sid=117035
9722536,Milwaukee Brewers,2017-05-20 13:20:00,saturday ,2017-04-15 20:26:40.359642,85.5 / 115,,,,,,,,,,,,,https://www.stubhub.com/event/9722536?&sid=117035
9722541,Milwaukee Brewers,2017-05-21 13:20:00,sunday   ,2017-04-15 20:30:11.805736,57.6 / 78,,,,,,,,,,,,,https://www.stubhub.com/event/9722541?&sid=117035
9722957,San Francisco Giants,2017-05-22 19:05:00,monday   ,2017-04-15 20:31:22.279767,33.3 / 47,,,,,,,,,,,,,https://www.stubhub.com/event/9722957?&sid=117035
9722965,San Francisco Giants,2017-05-23 19:05:00,tuesday  ,2017-04-15 20:06:32.128535,30.6 / 44,,,,,,,,,,,,,https://www.stubhub.com/event/9722965?&sid=117035
9722968,San Francisco Giants,2017-05-24 19:05:00,wednesday,2017-04-15 20:06:51.102621,34.2 / 48,,,,,,,,,,,,,https://www.stubhub.com/event/9722968?&sid=117035
9722971,San Francisco Giants,2017-05-25 13:20:00,thursday ,2017-04-15 20:07:03.114308,45.0 / 62,,,,,,,,,,,,,https://www.stubhub.com/event/9722971?&sid=117035
9722553,St. Louis Cardinals,2017-06-02 13:20:00,friday   ,2017-04-15 20:07:12.111822,108.0 / 144,,,,,,,,,,,,,https://www.stubhub.com/event/9722553?&sid=117035
9722568,St. Louis Cardinals,2017-06-03 13:20:00,saturday ,2017-04-15 20:07:23.546476,115.2 / 154,,,,,,,,,,,,,https://www.stubhub.com/event/9722568?&sid=117035
9722573,St. Louis Cardinals,2017-06-04 18:35:00,sunday   ,2017-04-15 20:07:38.140311,77.4 / 104,,,,,,,,,,,,,https://www.stubhub.com/event/9722573?&sid=117035
9722981,Miami Marlins,2017-06-05 19:05:00,monday   ,2017-04-15 20:07:51.558078,31.5 / 45,,,,,,,,,,,,,https://www.stubhub.com/event/9722981?&sid=117035
9722985,Miami Marlins,2017-06-06 19:05:00,tuesday  ,2017-04-15 20:08:05.9219,33.3 / 47,,,,,,,,,,,,,https://www.stubhub.com/event/9722985?&sid=117035
9722986,Miami Marlins,2017-06-07 19:05:00,wednesday,2017-04-15 20:08:21.033764,39.6 / 55,,,,,,,,,,,,,https://www.stubhub.com/event/9722986?&sid=117035
9723535,Colorado Rockies,2017-06-08 19:05:00,thursday ,2017-04-15 20:08:29.652257,47.7 / 66,,,,,,,,,,,,,https://www.stubhub.com/event/9723535?&sid=117035
9723537,Colorado Rockies,2017-06-09 13:20:00,friday   ,2017-04-15 20:08:38.212747,78.3 / 106,,,,,,,,,,,,,https://www.stubhub.com/event/9723537?&sid=117035
9723541,Colorado Rockies,2017-06-10 13:20:00,saturday ,2017-04-15 20:08:46.200204,90.9 / 122,,,,,,,,,,,,,https://www.stubhub.com/event/9723541?&sid=117035
9729557,Colorado Rockies,2017-06-11 13:20:00,sunday   ,2017-04-15 20:08:54.026651,63.9 / 87,,,,,,,,,,,,,https://www.stubhub.com/event/9729557?&sid=117035
9723408,San Diego Padres,2017-06-19 19:05:00,monday   ,2017-04-15 20:09:02.080112,39.6 / 55,,,,,,,,,,,,,https://www.stubhub.com/event/9723408?&sid=117035
9723409,San Diego Padres,2017-06-20 19:05:00,tuesday  ,2017-04-15 20:09:12.192691,41.4 / 58,,,,,,,,,,,,,https://www.stubhub.com/event/9723409?&sid=117035
9723412,San Diego Padres,2017-06-21 13:20:00,wednesday,2017-04-15 20:09:20.292154,57.6 / 79,,,,,,,,,,,,,https://www.stubhub.com/event/9723412?&sid=117035
9723496,Tampa Bay Rays,2017-07-04 13:20:00,tuesday  ,2017-04-15 20:09:29.066656,72.0 / 98,,,,,,,,,,,,,https://www.stubhub.com/event/9723496?&sid=117035
9723499,Tampa Bay Rays,2017-07-05 13:20:00,wednesday,2017-04-15 20:09:41.850387,61.2 / 84,,,,,,,,,,,,,https://www.stubhub.com/event/9723499?&sid=117035
9723457,Pittsburgh Pirates,2017-07-07 13:20:00,friday   ,2017-04-15 20:09:50.339872,80.1 / 108,,,,,,,,,,,,,https://www.stubhub.com/event/9723457?&sid=117035
9723478,Pittsburgh Pirates,2017-07-08 18:15:00,saturday ,2017-04-15 20:09:57.499282,93.6 / 126,,,,,,,,,,,,,https://www.stubhub.com/event/9723478?&sid=117035
9723480,Pittsburgh Pirates,2017-07-09 12:10:00,sunday   ,2017-04-15 20:10:06.804814,67.5 / 92,,,,,,,,,,,,,https://www.stubhub.com/event/9723480?&sid=117035
9722558,St. Louis Cardinals,2017-07-21 13:20:00,friday   ,2017-04-15 20:10:14.504255,118.8 / 158,,,,,,,,,,,,,https://www.stubhub.com/event/9722558?&sid=117035
9722576,St. Louis Cardinals,2017-07-22 15:05:00,saturday ,2017-04-15 20:10:24.952852,112.5 / 150,,,,,,,,,,,,,https://www.stubhub.com/event/9722576?&sid=117035
9722582,St. Louis Cardinals,2017-07-23 19:05:00,sunday   ,2017-04-15 20:10:37.33556,69.3 / 94,,,,,,,,,,,,,https://www.stubhub.com/event/9722582?&sid=117035
9723589,Chicago White Sox,2017-07-24 13:20:00,monday   ,2017-04-15 20:10:48.306188,96.3 / 129,,,,,,,,,,,,,https://www.stubhub.com/event/9723589?&sid=117035
9723591,Chicago White Sox,2017-07-25 13:20:00,tuesday  ,2017-04-15 20:11:02.614006,86.4 / 116,,,,,,,,,,,,,https://www.stubhub.com/event/9723591?&sid=117035
9722597,Arizona Diamondbacks,2017-08-01 19:05:00,tuesday  ,2017-04-15 20:11:11.680525,36.9 / 52,,,,,,,,,,,,,https://www.stubhub.com/event/9722597?&sid=117035
9722598,Arizona Diamondbacks,2017-08-02 19:05:00,wednesday,2017-04-15 20:11:20.188011,40.5 / 57,,,,,,,,,,,,,https://www.stubhub.com/event/9722598?&sid=117035
9722601,Arizona Diamondbacks,2017-08-03 13:20:00,thursday ,2017-04-15 20:11:27.32942,51.3 / 71,,,,,,,,,,,,,https://www.stubhub.com/event/9722601?&sid=117035
9723348,Washington Nationals,2017-08-04 13:20:00,friday   ,2017-04-15 20:11:34.50083,76.5 / 103,,,,,,,,,,,,,https://www.stubhub.com/event/9723348?&sid=117035
9723359,Washington Nationals,2017-08-05 13:20:00,saturday ,2017-04-15 20:11:44.079378,90.0 / 121,,,,,,,,,,,,,https://www.stubhub.com/event/9723359?&sid=117035
9723401,Washington Nationals,2017-08-06 13:00:00,sunday   ,2017-04-15 20:11:52.083836,61.2 / 84,,,,,,,,,,,,,https://www.stubhub.com/event/9723401?&sid=117035
9723509,Cincinnati Reds,2017-08-14 19:05:00,monday   ,2017-04-15 20:12:01.364367,22.5 / 33,,,,,,,,,,,,,https://www.stubhub.com/event/9723509?&sid=117035
9723512,Cincinnati Reds,2017-08-15 19:05:00,tuesday  ,2017-04-15 20:12:09.669842,26.1 / 38,,,,,,,,,,,,,https://www.stubhub.com/event/9723512?&sid=117035
9723515,Cincinnati Reds,2017-08-16 19:05:00,wednesday,2017-04-15 20:12:16.923256,22.5 / 33,,,,,,,,,,,,,https://www.stubhub.com/event/9723515?&sid=117035
9723519,Cincinnati Reds,2017-08-17 13:20:00,thursday ,2017-04-15 20:12:25.922771,48.6 / 67,,,,,,,,,,,,,https://www.stubhub.com/event/9723519?&sid=117035
9722466,Toronto Blue Jays,2017-08-18 13:20:00,friday   ,2017-04-15 20:12:33.725218,90.0 / 121,,,,,,,,,,,,,https://www.stubhub.com/event/9722466?&sid=117035
9722480,Toronto Blue Jays,2017-08-19 13:20:00,saturday ,2017-04-15 20:12:42.787736,104.4 / 140,,,,,,,,,,,,,https://www.stubhub.com/event/9722480?&sid=117035
9722482,Toronto Blue Jays,2017-08-20 13:20:00,sunday   ,2017-04-15 20:12:50.333167,63.0 / 85,,,,,,,,,,,,,https://www.stubhub.com/event/9722482?&sid=117035
9723463,Pittsburgh Pirates,2017-08-28 19:05:00,monday   ,2017-04-15 20:12:58.878656,29.7 / 43,,,,,,,,,,,,,https://www.stubhub.com/event/9723463?&sid=117035
9723464,Pittsburgh Pirates,2017-08-29 19:05:00,tuesday  ,2017-04-15 20:13:09.393258,22.5 / 33,,,,,,,,,,,,,https://www.stubhub.com/event/9723464?&sid=117035
9723465,Pittsburgh Pirates,2017-08-30 19:05:00,wednesday,2017-04-15 20:13:19.060811,21.6 / 32,,,,,,,,,,,,,https://www.stubhub.com/event/9723465?&sid=117035
9722486,Atlanta Braves,2017-08-31 19:05:00,thursday ,2017-04-15 20:13:29.89643,22.5 / 33,,,,,,,,,,,,,https://www.stubhub.com/event/9722486?&sid=117035
9722490,Atlanta Braves,2017-09-01 13:20:00,friday   ,2017-04-15 20:01:10.305128,45.0 / 62,,,,,,,,,,,,,https://www.stubhub.com/event/9722490?&sid=117035
9722493,Atlanta Braves,2017-09-02 13:20:00,saturday ,2017-04-15 20:13:38.842942,58.5 / 80,,,,,,,,,,,,,https://www.stubhub.com/event/9722493?&sid=117035
9722495,Atlanta Braves,2017-09-03 13:00:00,sunday   ,2017-04-15 20:13:46.777396,45.9 / 64,,,,,,,,,,,,,https://www.stubhub.com/event/9722495?&sid=117035
9722530,Milwaukee Brewers,2017-09-08 13:20:00,friday   ,2017-04-15 20:13:55.40889,52.2 / 72,,,,,,,,,,,,,https://www.stubhub.com/event/9722530?&sid=117035
9722542,Milwaukee Brewers,2017-09-09 15:05:00,saturday ,2017-04-15 20:14:03.366345,58.5 / 80,,,,,,,,,,,,,https://www.stubhub.com/event/9722542?&sid=117035
9722543,Milwaukee Brewers,2017-09-10 13:20:00,sunday   ,2017-04-15 20:14:10.511753,31.5 / 45,,,,,,,,,,,,,https://www.stubhub.com/event/9722543?&sid=117035
9723000,New York Mets,2017-09-12 19:05:00,tuesday  ,2017-04-15 20:14:16.785112,27.0 / 39,,,,,,,,,,,,,https://www.stubhub.com/event/9723000?&sid=117035
9723002,New York Mets,2017-09-13 19:05:00,wednesday,2017-04-15 20:14:23.945522,22.5 / 33,,,,,,,,,,,,,https://www.stubhub.com/event/9723002?&sid=117035
9723006,New York Mets,2017-09-14 19:05:00,thursday ,2017-04-15 20:14:30.595902,31.5 / 45,,,,,,,,,,,,,https://www.stubhub.com/event/9723006?&sid=117035
9722560,St. Louis Cardinals,2017-09-15 13:20:00,friday   ,2017-04-15 20:14:37.451294,84.6 / 114,,,,,,,,,,,,,https://www.stubhub.com/event/9722560?&sid=117035
9722585,St. Louis Cardinals,2017-09-16 12:05:00,saturday ,2017-04-15 20:14:47.050843,97.2 / 130,,,,,,,,,,,,,https://www.stubhub.com/event/9722585?&sid=117035
9722592,St. Louis Cardinals,2017-09-17 13:00:00,sunday   ,2017-04-15 20:14:55.346318,67.5 / 92,,,,,,,,,,,,,https://www.stubhub.com/event/9722592?&sid=117035
9723523,Cincinnati Reds,2017-09-29 13:20:00,friday   ,2017-04-15 20:15:02.885749,48.6 / 67,,,,,,,,,,,,,https://www.stubhub.com/event/9723523?&sid=117035
9723530,Cincinnati Reds,2017-09-30 15:05:00,saturday ,2017-04-15 20:15:10.486184,44.1 / 61,,,,,,,,,,,,,https://www.stubhub.com/event/9723530?&sid=117035
9723526,Cincinnati Reds,2017-10-01 14:20:00,sunday   ,2017-04-15 20:00:56.922363,26.1 / 38,,,,,,,,,,,,,https://www.stubhub.com/event/9723526?&sid=117035
